469ff581-a1e6-4433-b4af-e41ab368659c;a;b
faa91181-0726-492e-8a91-fbaadb19ca12;2;""""
3622ceb2-e993-4c81-a147-08aea79c53e1;3;""""""
05e86070-19ce-43ab-b729-18bead289416;4;hallo   v
8c522248-354f-44e7-9d9f-d83efe4a9075;5;"das ""<b>Wort</b>"""
c9879d98-8227-423a-83d9-75e1a98a35d9;;
d0fd6ebd-b85d-4508-8583-0e89d00e5a3f;;
7d2a3263-2f08-49d1-812c-a61058694385;;
1ba2b590-7090-4ed9-9d55-6ad09b9c81e7;;
e4635ce1-5338-46c2-8b92-004685bc1fc4;;
11c89322-9dea-455b-897e-310475708e0e;;
be827949-c2ea-471a-9341-31ecb2f21738;;
3fa5ef7b-511f-4827-abe5-632f02235307;;
be5bfb92-1f1b-4dcd-aa56-5511142a8183;;
6416c4b3-2240-4f16-9485-e66aff48dabc;;
e3a05ad6-eaf0-41bc-a15e-a05de27d7352;;
d25f0df9-7c0c-43c5-8663-bdb79fe76398;;
0d53e36e-4460-4122-97fa-10aa4f08b00f;;
aef6b8f0-1884-4453-96f8-345c4a434215;;
1f14bbcb-c8f3-4f84-922a-08a17d55f2c9;;
7de9faee-a5a7-4e6d-8d1e-b6c28510a3f1;;
8f4e7d21-c1ee-467b-9ae7-fcf1460d82ae;;
d6de497e-7de7-4ba2-b693-8448c9a5c4fb;;
bbe6bf18-395b-4c10-a5f5-ee6c9e4834a2;;
cbc71a9b-b532-4c8d-824f-28c4ea67e35a;;
770d8d78-2060-4efd-b582-e4911ee37443;;
48b5510c-37ed-4a9f-8f58-e566f9beaaea;;
ba0faeaf-7ae0-4d2c-982d-b6036c7c4f69;;
0305abc3-225e-4d8d-b4e4-15f89d116d36;;
fda396f0-7e93-412a-a36c-7c466c41bf83;;
2261e76c-056c-4685-9328-802c3e182946;;
47151cf1-8511-4115-9163-6cad2b712928;;
ee6c6729-f617-4586-b45a-44d3b7ee8059;;
25e4f38c-afee-4930-ad56-a51d1157ab23;;
f6eb092d-33a1-4244-824d-e68e0345707d;;
81a533d8-981e-4ee5-a3a7-91b8ef942650;;
98f2afcd-0986-4792-87fd-931a5a3618d6;;
a8545e37-a574-4157-b32d-aeef77e6dbe0;;
13f3898f-4b98-4582-bc55-57e80cfae844;;
391b9bb0-8d50-477a-ba30-cf933bd67ec1;;
8eaae709-3fce-4b75-9b19-478784208940;;
0500f9a8-9231-4d94-a939-acfb25537503;;
3c250596-d68e-4c8f-a411-a1cc0d22cd07;;
a80d7144-1452-41ca-8717-06c85667883a;;
a4e414b8-844e-47cd-bd4a-b4bc4dca42bb;;
afc79c49-e42b-48f2-859f-5290da5e64ca;;
1a4d8278-4016-4d04-9370-ca26d2de35be;;
b6e72196-7518-40a1-bcd2-c41ab14b5bfc;;
c229f490-a59d-495b-9f55-aa3ab14eb1a3;;
23d0bf01-d4be-4b19-aec1-86321e08dc18;;
cb9d0332-6efd-4a71-a043-93aef2e5e41a;;
14e2f96b-7512-455a-8284-bdaa022507df;;
84b07a3e-b4cc-4901-a6f2-acfbe506db51;;
b2577e4d-fbd4-47cc-8dbd-3c18f56bad24;;
f0d25625-7219-4068-866b-f2bd1938432d;;
2b95c19e-6c41-4396-8123-0d215d77a34f;;
efa3bb2a-457c-41fb-abd0-58afccce310d;;
39e627c4-1f99-4e09-9d67-8d6725152f73;;
2b154384-4bdf-44ef-afda-d03b2c6979c4;;
24c1fc54-50af-4798-b506-cefef1df59bc;;
b5537bc2-6312-4751-a374-730e4963960b;;
cae34e18-92b4-4bd8-a4ec-888479fb7e4f;;
67c9e7e5-54e7-4a17-9e42-13ea27df4b31;;
e62e7042-c5ca-4ca6-a6ce-4a8f9d1aec95;;
b6ad86a5-b7df-4fb3-b72d-47616dee4aa0;;
0bbfcb1c-7eb0-4d03-be42-b536c1e6ea0a;;
eb2e0ef7-d02d-425d-9a5e-77e3e64c979d;;
eea670a8-0703-4dc3-891f-40d58d204616;;
6c6ec683-d69f-4a77-a5bb-e65c79ed9486;;
a66aa0ff-d680-422f-89e1-aa2741e9f55a;;
bc5f5b47-4d98-41eb-b916-1012e3a344e4;;
958a4be5-f497-408b-ae55-74f5fa2554c1;;
47078849-999d-44b2-b5cf-fcdf60060b95;;
b5e03f35-0d14-45b1-9853-a874a35afc90;;
4e72f03c-821b-4582-9ae4-fc56890f865a;;
ac1269ce-3a62-4d9b-8cae-a02690c68f64;;
9b6e09f5-a86f-4210-96be-79754e2f6e63;;
d91e45cc-2179-4b05-ab47-345ca10649c0;;
7251792b-27e1-4bf3-a3a6-4c31bbe89e7e;;
5f8977b5-7020-4046-a5a5-180f00ca651e;;
0f558da8-342c-4f44-a183-78aeb778385d;;
ae903510-3ac2-4fe5-9930-ee65d7c8a9b1;;
e5862182-31ea-41a7-9005-855401546d6e;;
299005ea-a2b0-420e-bda8-ecaa709ad214;;
12eeb9f6-14db-4956-aa43-57ca75e9dd6d;;
93eb9f7e-eafd-491a-ac39-6e3e207dbee2;;
bb28e19e-e9b9-460c-8e39-d1ac17197958;;
f725e940-6a62-4d91-9d0d-cb48d5d3a33f;;
a1862d33-5a01-4351-bb42-e382e4f38201;;
4cb003d0-6c23-4571-bf3c-69cf077ad734;;
2b841def-89f2-4901-aee6-101e07e46179;;
f517a4a5-5954-44b4-8186-09fc96891a9f;;
6021ded4-eb80-4704-baa8-e3426218f837;;
fbbc0656-d60d-453e-83a6-09121a4dee5e;;
e661104e-c8ec-46ff-86e1-659c2b088f8f;;
b796d6ff-8b1f-4a5b-8f52-4657bc6d5505;;
261a366c-708d-479f-9a30-d1cc76a2cc48;;
f5de1c01-c531-45e0-b8c9-bdc4b5423c59;;
1f47abf3-8d92-4753-afa1-ebb25e5564c6;;
b3933e42-c6f5-4509-a027-bdd4f6034c0a;;
6925bb9e-8a9b-4144-a727-3b2be6a57e1b;;
3f117e6b-6d22-44bf-849a-c61df064dc90;;
1b21abdb-e87c-419f-8206-66c1fa9e3f5e;;
